input,showas
10TH COUNCIL DISTRICT WSC,10TH COUNCIL DISTRICT WOMEN'S STEERING COMMITTEE
10TH DISTRICT WOMENS STEERING,10TH COUNCIL DISTRICT WOMEN'S STEERING COMMITTEE
1736 FAMILY CRISIS CENTER INC,1736 FAMILY CRISIS CENTER
2 PLUS 2 PARTNERS,2 PLUS 2 PARTNERS INC.
21ST CENTURY INSURANCE CO,21ST CENTURY INSURANCE CO.
21ST CENTURY INSURANCE CO /C,21ST CENTURY INSURANCE CO.
3DI,3DI INC
3M,3M COMPANY
3SI SECURITY SYSTEMS,3SI SECURITY SYSTEMS INC.
3SI SECURITY SYSTEMS INC,3SI SECURITY SYSTEMS INC.
601 FIGUEROA CO. LLC,"601 FIGUEROA CO., LLC"
"A & R TARPAULINS, INC.",A & R TARPAULINS INC
"A & R TELECOM, INC.",A & R TELECOM INC
AAA ELECTRIC MOTOR SALES & SERVICES INC,AAA ELECTRIC MOTOR SALES & SERVICE INC
AAA ELECTRIC MOTOR SALES & SERVICES INC.,AAA ELECTRIC MOTOR SALES & SERVICE INC
"AAA ELECTRIC MOTOR SALES & SERVICES, INC.",AAA ELECTRIC MOTOR SALES & SERVICE INC
ABATIX CORP,ABATIX CORP.
ABB ENTERPRISE SOFTWARE INC.,ABB ENTERPRISE SOFTWARE INC
ABET SECURITY SERVICES INC,"ABET SECURITY SERVICES, INC."
"ALAMEDA CONSTRUCTION SERVICES, INC",ALAMEDA CONSTRUCTION SERVICES INC
ALASKA AIRLINES,"ALASKA AIRLINES, INC"
ALASKA AIRLINES INC,"ALASKA AIRLINES, INC"
APPLIED AIR CONDITIONING INC,"APPLIED AIR CONDITIONING, INC."
"APPLIED AIR CONDITIONING, INC","APPLIED AIR CONDITIONING, INC."
BJ USED TIRE AND RUBBER RECYCLING,BJ USED TIRE AND RUBBER RECYCLING INC
BJ USED TIRE AND RUBBER RECYCLING INC.,BJ USED TIRE AND RUBBER RECYCLING INC
BLACK & VEATCH CORP,BLACK & VEATCH
BLACK & VEATCH CORPORATION,BLACK & VEATCH
CITY OF LOS ANGELES WORLD AIRPORTS,LOS ANGELES WORLD AIRPORTS
DELL MARKETING L P,DELL MARKETING LP
DELTA AIR LINES INC,"DELTA AIRLINES, INC"
DELTA AIRLINES,"DELTA AIRLINES, INC"
DELTA AIRLINES INC,"DELTA AIRLINES, INC"
DELUXE ENTERPRISES INC.,"DELUXE ENTERPRISES, INC."
DEMETRIOU DEL GUERCIO SPRINGER,"DEMETRIOU, DEL GUERCIO, SPRINGER & FRANCIS, LLP"
DEMETRIOU DEL GUERCIO SPRINGER &,"DEMETRIOU, DEL GUERCIO, SPRINGER & FRANCIS, LLP"
ECIVIS INC.,ECIVIS INC
"ECIVIS, INC.",ECIVIS INC
EVERBRIDGE INC,"EVERBRIDGE, INC."
EVERBRIDGE INC.,"EVERBRIDGE, INC."
EVERSOFT INC,"EVERSOFT, INC"
IN-N-OUT BURGER,IN-N-OUT BURGERS INC
INSIGHT PUBLIC SECTOR,INSIGHT PUBLIC SECTOR INC
INSIGHT PUBLIC SECTOR INC.,INSIGHT PUBLIC SECTOR INC
L A COUNTY METROPOLITAN TRANSPORTATION AUTHORITY,LOS ANGELES COUNTY METROPOLITAN TRANSPORTATION AUTHORITY
LACMTA,LOS ANGELES COUNTY METROPOLITAN TRANSPORTATION AUTHORITY
LOS ANGELES COMMUNITY COLLEGE,LOS ANGELES COMMUNITY COLLEGE DISTRICT
LOS ANGELES COUNTY,COUNTY OF LOS ANGELES
LOS ANGELES COUNTY METROPOLITAN TRANSPORTATION,LOS ANGELES COUNTY METROPOLITAN TRANSPORTATION AUTHORITY
LOS ANGELES POLICE PROTECTIVE LEAGUE/C,LOS ANGELES POLICE PROTECTIVE LEAGUE
LOS ANGELES UNIFIED SCHOOL,LOS ANGELES UNIFIED SCHOOL DISTRICT
LOS ANGELES UNIFIED SCHOOL DISTRICT - LAUSD,LOS ANGELES UNIFIED SCHOOL DISTRICT
LOS ANGELES WATERKEEPER /C,LOS ANGELES WATERKEEPER
LOS ANGELES WORLD AIRPORT,LOS ANGELES WORLD AIRPORTS
METROPOLITAN TRANSPORTATION,LOS ANGELES COUNTY METROPOLITAN TRANSPORTATION AUTHORITY
METROPOLITAN TRANSPORTATION AUTHORITY,LOS ANGELES COUNTY METROPOLITAN TRANSPORTATION AUTHORITY
METTLER-TOLEDO INC.,METTLER TOLEDO INC
"METTLER-TOLEDO, INC.",METTLER TOLEDO INC
MID-VALLEY COMMUNITY POLICE COUNCIL,MID-VALLEY COMMUNITY POLICE COUNCIL INC
"NATIONAL INSTITUTE OF GOVERNMENTAL PURCHASING,INC.","NATIONAL INSTITUTE OF GOVERNMENTAL PURCHASING, INC."
NATIONAL RAILROAD PASSENGER CORPORATION,NATIONAL RAILROAD PASSENGER CORPORATION DBA AMTRAK
REGENTS OF THE U. C.,REGENTS OF THE UNIVERSITY OF CALIFORNIA
REGENTS OF THE UNI OF CA,REGENTS OF THE UNIVERSITY OF CALIFORNIA
REGENTS OF THE UNIV OF CA,REGENTS OF THE UNIVERSITY OF CALIFORNIA
REGENTS OF THE UNIV OF CALIF,REGENTS OF THE UNIVERSITY OF CALIFORNIA
REGENTS OF THE UNIV. OF CA,REGENTS OF THE UNIVERSITY OF CALIFORNIA
REGENTS OF THE UNIVERSITY OF CA,REGENTS OF THE UNIVERSITY OF CALIFORNIA
REGENTS OF THE UNIVERSITY OF CALIFORNIA /C,REGENTS OF THE UNIVERSITY OF CALIFORNIA
REGENTS OF UC,REGENTS OF THE UNIVERSITY OF CALIFORNIA
REGENTS OF UNIVERSITY OF CA,REGENTS OF THE UNIVERSITY OF CALIFORNIA
REGENTS OF UNIVERSITY OF CALIFORNIA,REGENTS OF THE UNIVERSITY OF CALIFORNIA
REYES CONSTRUCTION INC,"REYES CONSTRUCTION, INC"
REYES CONSTRUCTION INC.,"REYES CONSTRUCTION, INC"
"REYES CONSTRUCTION, INC.","REYES CONSTRUCTION, INC"
SALEX CORP. DBA MEDIATING,"SALEX CORP., DBA MEDIATING"
SALT RIVER PROJECT C/O OFFICE OF THE TREASURER,SALT RIVER PROJECT
SCPPA C/O OFFICE OF THE TREASURER,SOUTHERN CALIFORNIA PUBLIC POWER AUTHORITY
SHEFFIELD METALS CLEVELAND LLC.,SHEFFIELD METALS CLEVELAND LLC
SO CALIF PUBLIC PWR AUTH/SCPPA C/O OFFICE OF THE TREASURER,SOUTHERN CALIFORNIA PUBLIC POWER AUTHORITY
SOUTHERN CALIFORNIA EDISON,SOUTHERN CALIFORNIA EDISON COMPANY
SOUTHERN CALIFORNIA EDISON C/O OFFICE OF THE TREASURER,SOUTHERN CALIFORNIA EDISON COMPANY
SOUTHERN CALIFORNIA EDISON CO,SOUTHERN CALIFORNIA EDISON COMPANY
SOUTHERN CALIFORNIA EDISON CO.,SOUTHERN CALIFORNIA EDISON COMPANY
SOUTHERN CALIFORNIA GAS,SOUTHERN CALIFORNIA GAS COMPANY
SOUTHERN CALIFORNIA GAS CO,SOUTHERN CALIFORNIA GAS COMPANY
SOUTHERN CALIFORNIA GAS CO /C,SOUTHERN CALIFORNIA GAS COMPANY
SOUTHERN CALIFORNIA GAS CO.,SOUTHERN CALIFORNIA GAS COMPANY
SOUTHWEST AIRLINE CO,SOUTHWEST AIRLINES COMPANY
TETRA TECH INC,"TETRA TECH, INC."
TETRA TECH INC.,"TETRA TECH, INC."
"TETRA TECH, INC","TETRA TECH, INC."
THE GLUE LLC,"THE GLUE, LLC"
TYLER TECHNOLOGIES INC.,TYLER TECHNOLOGIES INC
UNION PACIFIC RAILROAD,UNION PACIFIC RAILROAD CO /C
UNITED AIR LINES INC,UNITED AIRLINES
UNITED AIRLINES INC,UNITED AIRLINES
UNITED EXPRESS INTERNATIONAL CORP,UNITED EXPRESS INTERNATIONAL CORPORATION
UNITED EXPRESS INTERNATIONAL CORP.,UNITED EXPRESS INTERNATIONAL CORPORATION
UNITED PARCEL SERVICE INC.,"UNITED PARCEL SERVICE, INC"
UNITED RENTALS NORTHWEST INC,"UNITED RENTALS NORTHWEST, INC"
"UNITED RENTALS NORTHWEST, INC.","UNITED RENTALS NORTHWEST, INC"
UNIVERSITY OF SO CALIF /C,UNIVERSITY OF SOUTHERN CALIFORNIA
UNIVERSITY OF SOUTHERN CALIFORNIA /C,UNIVERSITY OF SOUTHERN CALIFORNIA
UNIVISION RADIO LOS ANGELES INC,UNIVISION RADIO LOS ANGELES
URBAN FEET,"URBAN FEET, INC"
URBAN FEET INC,"URBAN FEET, INC"
URBAN INSIGHT INC,"URBAN INSIGHT, INC"
US BANK VOYAGER FLEET SYS,US BANK VOYAGER FLEET SYSTEMS
"USA WASTE OF CALIFORNIA, INC",USA WASTE OF CALIFORNIA INC
"VCA ENGINEERS, INC.","VCA ENGINEERS, INC"
"METRO VIDEO SYSTEMS INC","METRO VIDEO SYSTEMS, INC."
"YMCA OF METROPOLITAN LOS ANGELES /C","YMCA OF METROPOLITAN LOS ANGELES"
"YMCA OF METROPOLITAN LOS ANGEL","YMCA OF METROPOLITAN LOS ANGELES"
"YMCA OF METROPOLITAN LOS ANGEELS","YMCA OF METROPOLITAN LOS ANGELES"
"YMCA OF METROPOLITAN","YMCA OF METROPOLITAN LOS ANGELES"
"LOS ANGELES COUNTY METROPOLITAN","LOS ANGELES COUNTY METROPOLITAN TRANSPORTATION AUTHORITY"
"SWEETWATER","SWEETWATER SOUND, INC"
"LAX INTEGRATED EXPRESS SOLUTIONS LL","LAX INTEGRATED EXPRESS SOLUTIONS LLC"
"LAX INTEGRATED EXPRESS","LAX INTEGRATED EXPRESS SOLUTIONS LLC"
"SO. CAL. EDISON COMPANY", "SOUTHERN CALIFORNIA EDISON COMPANY"
"SO. CA. EDISON COMPANY", "SOUTHERN CALIFORNIA EDISON COMPANY"
"SO. CA. EDISON CO.", "SOUTHERN CALIFORNIA EDISON COMPANY"